time,ia,ib,ic
78.9016330242157,0.00456,0.0,-0.87529
0,78.9016330242157,0.00456,0.0,-0.87529
